{"cameraMode":{"drawMode":0,"name":"Shaded","section":"Shading Mode"},"sceneLighting":true,"audioPlay":false,"sceneViewState":{"showFog":true,"showMaterialUpdate":false,"showSkybox":true,"showFlares":true,"showImageEffects":true,"showParticleSystems":true},"in2DMode":false,"pivot":{"x":2.820246696472168,"y":10.071273803710938,"z":-10.126315116882325},"rotation":{"x":0.255810022354126,"y":-0.10014007985591889,"z":0.0266389399766922,"w":0.9611843228340149},"size":62.38923263549805,"orthographic":false}